{
  "best_global_step": null,
  "best_metric": null,
  "best_model_checkpoint": null,
  "epoch": 2.0,
  "eval_steps": 500,
  "global_step": 418,
  "is_hyper_param_search": false,
  "is_local_process_zero": true,
  "is_world_process_zero": true,
  "log_history": [
    {
      "epoch": 0.047961630695443645,
      "grad_norm": 0.8111532330513,
      "learning_rate": 4.95673076923077e-05,
      "loss": 16.6155,
      "step": 10
    },
    {
      "epoch": 0.09592326139088729,
      "grad_norm": 1.1074323654174805,
      "learning_rate": 4.9086538461538464e-05,
      "loss": 16.4626,
      "step": 20
    },
    {
      "epoch": 0.14388489208633093,
      "grad_norm": 1.6210243701934814,
      "learning_rate": 4.860576923076923e-05,
      "loss": 16.3452,
      "step": 30
    },
    {
      "epoch": 0.19184652278177458,
      "grad_norm": 1.60557222366333,
      "learning_rate": 4.8125000000000004e-05,
      "loss": 16.1507,
      "step": 40
    },
    {
      "epoch": 0.23980815347721823,
      "grad_norm": 2.0622525215148926,
      "learning_rate": 4.764423076923077e-05,
      "loss": 15.8891,
      "step": 50
    },
    {
      "epoch": 0.28776978417266186,
      "grad_norm": 2.525348663330078,
      "learning_rate": 4.716346153846154e-05,
      "loss": 15.5783,
      "step": 60
    },
    {
      "epoch": 0.33573141486810554,
      "grad_norm": 2.613140821456909,
      "learning_rate": 4.668269230769231e-05,
      "loss": 15.2422,
      "step": 70
    },
    {
      "epoch": 0.38369304556354916,
      "grad_norm": 3.011113166809082,
      "learning_rate": 4.620192307692308e-05,
      "loss": 14.7616,
      "step": 80
    },
    {
      "epoch": 0.4316546762589928,
      "grad_norm": 4.079647064208984,
      "learning_rate": 4.5721153846153846e-05,
      "loss": 14.2,
      "step": 90
    },
    {
      "epoch": 0.47961630695443647,
      "grad_norm": 4.9369401931762695,
      "learning_rate": 4.524038461538462e-05,
      "loss": 13.4315,
      "step": 100
    },
    {
      "epoch": 0.5275779376498801,
      "grad_norm": 6.754444122314453,
      "learning_rate": 4.4759615384615386e-05,
      "loss": 12.3116,
      "step": 110
    },
    {
      "epoch": 0.5755395683453237,
      "grad_norm": 8.355316162109375,
      "learning_rate": 4.427884615384615e-05,
      "loss": 10.6074,
      "step": 120
    },
    {
      "epoch": 0.6235011990407674,
      "grad_norm": 8.299802780151367,
      "learning_rate": 4.379807692307693e-05,
      "loss": 8.7222,
      "step": 130
    },
    {
      "epoch": 0.6714628297362111,
      "grad_norm": 7.7861456871032715,
      "learning_rate": 4.3317307692307694e-05,
      "loss": 7.2833,
      "step": 140
    },
    {
      "epoch": 0.7194244604316546,
      "grad_norm": 5.457474231719971,
      "learning_rate": 4.283653846153846e-05,
      "loss": 6.0044,
      "step": 150
    },
    {
      "epoch": 0.7673860911270983,
      "grad_norm": 3.560922384262085,
      "learning_rate": 4.2355769230769234e-05,
      "loss": 5.0648,
      "step": 160
    },
    {
      "epoch": 0.815347721822542,
      "grad_norm": 2.8596432209014893,
      "learning_rate": 4.1875e-05,
      "loss": 4.5183,
      "step": 170
    },
    {
      "epoch": 0.8633093525179856,
      "grad_norm": 2.43196964263916,
      "learning_rate": 4.139423076923077e-05,
      "loss": 4.1001,
      "step": 180
    },
    {
      "epoch": 0.9112709832134293,
      "grad_norm": 2.1432912349700928,
      "learning_rate": 4.091346153846154e-05,
      "loss": 3.7567,
      "step": 190
    },
    {
      "epoch": 0.9592326139088729,
      "grad_norm": 1.9591917991638184,
      "learning_rate": 4.043269230769231e-05,
      "loss": 3.4412,
      "step": 200
    },
    {
      "epoch": 1.0047961630695443,
      "grad_norm": 1.794302225112915,
      "learning_rate": 3.995192307692308e-05,
      "loss": 2.9987,
      "step": 210
    },
    {
      "epoch": 1.052757793764988,
      "grad_norm": 1.662681221961975,
      "learning_rate": 3.947115384615385e-05,
      "loss": 2.9089,
      "step": 220
    },
    {
      "epoch": 1.1007194244604317,
      "grad_norm": 1.504362940788269,
      "learning_rate": 3.8990384615384617e-05,
      "loss": 2.6931,
      "step": 230
    },
    {
      "epoch": 1.1486810551558753,
      "grad_norm": 1.426518440246582,
      "learning_rate": 3.850961538461539e-05,
      "loss": 2.5017,
      "step": 240
    },
    {
      "epoch": 1.196642685851319,
      "grad_norm": 1.2748287916183472,
      "learning_rate": 3.802884615384616e-05,
      "loss": 2.3273,
      "step": 250
    },
    {
      "epoch": 1.2446043165467626,
      "grad_norm": 1.199715256690979,
      "learning_rate": 3.7548076923076924e-05,
      "loss": 2.1753,
      "step": 260
    },
    {
      "epoch": 1.2925659472422062,
      "grad_norm": 1.1283795833587646,
      "learning_rate": 3.70673076923077e-05,
      "loss": 2.0372,
      "step": 270
    },
    {
      "epoch": 1.34052757793765,
      "grad_norm": 1.0445195436477661,
      "learning_rate": 3.658653846153846e-05,
      "loss": 1.9294,
      "step": 280
    },
    {
      "epoch": 1.3884892086330936,
      "grad_norm": 1.0332285165786743,
      "learning_rate": 3.610576923076923e-05,
      "loss": 1.8269,
      "step": 290
    },
    {
      "epoch": 1.4364508393285371,
      "grad_norm": 0.9824855327606201,
      "learning_rate": 3.5625000000000005e-05,
      "loss": 1.7313,
      "step": 300
    },
    {
      "epoch": 1.484412470023981,
      "grad_norm": 0.9675929546356201,
      "learning_rate": 3.5144230769230766e-05,
      "loss": 1.661,
      "step": 310
    },
    {
      "epoch": 1.5323741007194245,
      "grad_norm": 0.8624894618988037,
      "learning_rate": 3.466346153846154e-05,
      "loss": 1.5973,
      "step": 320
    },
    {
      "epoch": 1.580335731414868,
      "grad_norm": 1.0047152042388916,
      "learning_rate": 3.418269230769231e-05,
      "loss": 1.5069,
      "step": 330
    },
    {
      "epoch": 1.6282973621103118,
      "grad_norm": 0.9708333015441895,
      "learning_rate": 3.370192307692308e-05,
      "loss": 1.4622,
      "step": 340
    },
    {
      "epoch": 1.6762589928057554,
      "grad_norm": 0.8738510608673096,
      "learning_rate": 3.322115384615385e-05,
      "loss": 1.4302,
      "step": 350
    },
    {
      "epoch": 1.724220623501199,
      "grad_norm": 0.8541231751441956,
      "learning_rate": 3.274038461538462e-05,
      "loss": 1.3551,
      "step": 360
    },
    {
      "epoch": 1.7721822541966428,
      "grad_norm": 0.8546605110168457,
      "learning_rate": 3.225961538461539e-05,
      "loss": 1.3332,
      "step": 370
    },
    {
      "epoch": 1.8201438848920863,
      "grad_norm": 0.8996918797492981,
      "learning_rate": 3.1778846153846154e-05,
      "loss": 1.2962,
      "step": 380
    },
    {
      "epoch": 1.86810551558753,
      "grad_norm": 0.8039852380752563,
      "learning_rate": 3.129807692307692e-05,
      "loss": 1.2595,
      "step": 390
    },
    {
      "epoch": 1.9160671462829737,
      "grad_norm": 0.840606689453125,
      "learning_rate": 3.0817307692307695e-05,
      "loss": 1.2273,
      "step": 400
    },
    {
      "epoch": 1.9640287769784173,
      "grad_norm": 0.7938670516014099,
      "learning_rate": 3.0336538461538462e-05,
      "loss": 1.2061,
      "step": 410
    }
  ],
  "logging_steps": 10,
  "max_steps": 1040,
  "num_input_tokens_seen": 0,
  "num_train_epochs": 5,
  "save_steps": 500,
  "stateful_callbacks": {
    "TrainerControl": {
      "args": {
        "should_epoch_stop": false,
        "should_evaluate": false,
        "should_log": false,
        "should_save": true,
        "should_training_stop": false
      },
      "attributes": {}
    }
  },
  "total_flos": 1.9571732524302336e+20,
  "train_batch_size": 36,
  "trial_name": null,
  "trial_params": null
}
