{
  "best_global_step": null,
  "best_metric": null,
  "best_model_checkpoint": null,
  "epoch": 1.0,
  "eval_steps": 500,
  "global_step": 209,
  "is_hyper_param_search": false,
  "is_local_process_zero": true,
  "is_world_process_zero": true,
  "log_history": [
    {
      "epoch": 0.047961630695443645,
      "grad_norm": 0.8111532330513,
      "learning_rate": 4.95673076923077e-05,
      "loss": 16.6155,
      "step": 10
    },
    {
      "epoch": 0.09592326139088729,
      "grad_norm": 1.1074323654174805,
      "learning_rate": 4.9086538461538464e-05,
      "loss": 16.4626,
      "step": 20
    },
    {
      "epoch": 0.14388489208633093,
      "grad_norm": 1.6210243701934814,
      "learning_rate": 4.860576923076923e-05,
      "loss": 16.3452,
      "step": 30
    },
    {
      "epoch": 0.19184652278177458,
      "grad_norm": 1.60557222366333,
      "learning_rate": 4.8125000000000004e-05,
      "loss": 16.1507,
      "step": 40
    },
    {
      "epoch": 0.23980815347721823,
      "grad_norm": 2.0622525215148926,
      "learning_rate": 4.764423076923077e-05,
      "loss": 15.8891,
      "step": 50
    },
    {
      "epoch": 0.28776978417266186,
      "grad_norm": 2.525348663330078,
      "learning_rate": 4.716346153846154e-05,
      "loss": 15.5783,
      "step": 60
    },
    {
      "epoch": 0.33573141486810554,
      "grad_norm": 2.613140821456909,
      "learning_rate": 4.668269230769231e-05,
      "loss": 15.2422,
      "step": 70
    },
    {
      "epoch": 0.38369304556354916,
      "grad_norm": 3.011113166809082,
      "learning_rate": 4.620192307692308e-05,
      "loss": 14.7616,
      "step": 80
    },
    {
      "epoch": 0.4316546762589928,
      "grad_norm": 4.079647064208984,
      "learning_rate": 4.5721153846153846e-05,
      "loss": 14.2,
      "step": 90
    },
    {
      "epoch": 0.47961630695443647,
      "grad_norm": 4.9369401931762695,
      "learning_rate": 4.524038461538462e-05,
      "loss": 13.4315,
      "step": 100
    },
    {
      "epoch": 0.5275779376498801,
      "grad_norm": 6.754444122314453,
      "learning_rate": 4.4759615384615386e-05,
      "loss": 12.3116,
      "step": 110
    },
    {
      "epoch": 0.5755395683453237,
      "grad_norm": 8.355316162109375,
      "learning_rate": 4.427884615384615e-05,
      "loss": 10.6074,
      "step": 120
    },
    {
      "epoch": 0.6235011990407674,
      "grad_norm": 8.299802780151367,
      "learning_rate": 4.379807692307693e-05,
      "loss": 8.7222,
      "step": 130
    },
    {
      "epoch": 0.6714628297362111,
      "grad_norm": 7.7861456871032715,
      "learning_rate": 4.3317307692307694e-05,
      "loss": 7.2833,
      "step": 140
    },
    {
      "epoch": 0.7194244604316546,
      "grad_norm": 5.457474231719971,
      "learning_rate": 4.283653846153846e-05,
      "loss": 6.0044,
      "step": 150
    },
    {
      "epoch": 0.7673860911270983,
      "grad_norm": 3.560922384262085,
      "learning_rate": 4.2355769230769234e-05,
      "loss": 5.0648,
      "step": 160
    },
    {
      "epoch": 0.815347721822542,
      "grad_norm": 2.8596432209014893,
      "learning_rate": 4.1875e-05,
      "loss": 4.5183,
      "step": 170
    },
    {
      "epoch": 0.8633093525179856,
      "grad_norm": 2.43196964263916,
      "learning_rate": 4.139423076923077e-05,
      "loss": 4.1001,
      "step": 180
    },
    {
      "epoch": 0.9112709832134293,
      "grad_norm": 2.1432912349700928,
      "learning_rate": 4.091346153846154e-05,
      "loss": 3.7567,
      "step": 190
    },
    {
      "epoch": 0.9592326139088729,
      "grad_norm": 1.9591917991638184,
      "learning_rate": 4.043269230769231e-05,
      "loss": 3.4412,
      "step": 200
    }
  ],
  "logging_steps": 10,
  "max_steps": 1040,
  "num_input_tokens_seen": 0,
  "num_train_epochs": 5,
  "save_steps": 500,
  "stateful_callbacks": {
    "TrainerControl": {
      "args": {
        "should_epoch_stop": false,
        "should_evaluate": false,
        "should_log": false,
        "should_save": true,
        "should_training_stop": false
      },
      "attributes": {}
    }
  },
  "total_flos": 9.785866262151168e+19,
  "train_batch_size": 36,
  "trial_name": null,
  "trial_params": null
}
